[
  {
    "name": "ACT",
    "timezone": "Australia/ACT"
  },
  {
    "name": "Abidjan",
    "timezone": "Africa/Abidjan"
  },
  {
    "name": "Accra",
    "timezone": "Africa/Accra"
  },
  {
    "name": "Acre",
    "timezone": "Brazil/Acre"
  },
  {
    "name": "Adak",
    "timezone": "America/Adak"
  },
  {
    "name": "Addis Ababa",
    "timezone": "Africa/Addis_Ababa"
  },
  {
    "name": "Adelaide",
    "timezone": "Australia/Adelaide"
  },
  {
    "name": "Aden",
    "timezone": "Asia/Aden"
  },
  {
    "name": "Alaska",
    "timezone": "US/Alaska"
  },
  {
    "name": "Aleutian",
    "timezone": "US/Aleutian"
  },
  {
    "name": "Algiers",
    "timezone": "Africa/Algiers"
  },
  {
    "name": "Almaty",
    "timezone": "Asia/Almaty"
  },
  {
    "name": "Amman",
    "timezone": "Asia/Amman"
  },
  {
    "name": "Amsterdam",
    "timezone": "Europe/Amsterdam"
  },
  {
    "name": "Anadyr",
    "timezone": "Asia/Anadyr"
  },
  {
    "name": "Anchorage",
    "timezone": "America/Anchorage"
  },
  {
    "name": "Andorra",
    "timezone": "Europe/Andorra"
  },
  {
    "name": "Anguilla",
    "timezone": "America/Anguilla"
  },
  {
    "name": "Antananarivo",
    "timezone": "Indian/Antananarivo"
  },
  {
    "name": "Antigua",
    "timezone": "America/Antigua"
  },
  {
    "name": "Apia",
    "timezone": "Pacific/Apia"
  },
  {
    "name": "Aqtau",
    "timezone": "Asia/Aqtau"
  },
  {
    "name": "Aqtobe",
    "timezone": "Asia/Aqtobe"
  },
  {
    "name": "Araguaina",
    "timezone": "America/Araguaina"
  },
  {
    "name": "Arizona",
    "timezone": "US/Arizona"
  },
  {
    "name": "Aruba",
    "timezone": "America/Aruba"
  },
  {
    "name": "Ashgabat",
    "timezone": "Asia/Ashgabat"
  },
  {
    "name": "Ashkhabad",
    "timezone": "Asia/Ashkhabad"
  },
  {
    "name": "Asmara",
    "timezone": "Africa/Asmara"
  },
  {
    "name": "Asmera",
    "timezone": "Africa/Asmera"
  },
  {
    "name": "Astrakhan",
    "timezone": "Europe/Astrakhan"
  },
  {
    "name": "Asuncion",
    "timezone": "America/Asuncion"
  },
  {
    "name": "Athens",
    "timezone": "Europe/Athens"
  },
  {
    "name": "Atikokan",
    "timezone": "America/Atikokan"
  },
  {
    "name": "Atka",
    "timezone": "America/Atka"
  },
  {
    "name": "Atlantic",
    "timezone": "Canada/Atlantic"
  },
  {
    "name": "Atyrau",
    "timezone": "Asia/Atyrau"
  },
  {
    "name": "Auckland",
    "timezone": "Pacific/Auckland"
  },
  {
    "name": "Azores",
    "timezone": "Atlantic/Azores"
  },
  {
    "name": "Baghdad",
    "timezone": "Asia/Baghdad"
  },
  {
    "name": "Bahia",
    "timezone": "America/Bahia"
  },
  {
    "name": "Bahia Banderas",
    "timezone": "America/Bahia_Banderas"
  },
  {
    "name": "Bahrain",
    "timezone": "Asia/Bahrain"
  },
  {
    "name": "BajaNorte",
    "timezone": "Mexico/BajaNorte"
  },
  {
    "name": "BajaSur",
    "timezone": "Mexico/BajaSur"
  },
  {
    "name": "Baku",
    "timezone": "Asia/Baku"
  },
  {
    "name": "Bamako",
    "timezone": "Africa/Bamako"
  },
  {
    "name": "Bangkok",
    "timezone": "Asia/Bangkok"
  },
  {
    "name": "Bangui",
    "timezone": "Africa/Bangui"
  },
  {
    "name": "Banjul",
    "timezone": "Africa/Banjul"
  },
  {
    "name": "Barbados",
    "timezone": "America/Barbados"
  },
  {
    "name": "Barnaul",
    "timezone": "Asia/Barnaul"
  },
  {
    "name": "Beirut",
    "timezone": "Asia/Beirut"
  },
  {
    "name": "Belem",
    "timezone": "America/Belem"
  },
  {
    "name": "Belfast",
    "timezone": "Europe/Belfast"
  },
  {
    "name": "Belgrade",
    "timezone": "Europe/Belgrade"
  },
  {
    "name": "Belize",
    "timezone": "America/Belize"
  },
  {
    "name": "Berlin",
    "timezone": "Europe/Berlin"
  },
  {
    "name": "Bermuda",
    "timezone": "Atlantic/Bermuda"
  },
  {
    "name": "Beulah",
    "timezone": "America/North_Dakota/Beulah"
  },
  {
    "name": "Bishkek",
    "timezone": "Asia/Bishkek"
  },
  {
    "name": "Bissau",
    "timezone": "Africa/Bissau"
  },
  {
    "name": "Blanc-Sablon",
    "timezone": "America/Blanc-Sablon"
  },
  {
    "name": "Blantyre",
    "timezone": "Africa/Blantyre"
  },
  {
    "name": "Boa Vista",
    "timezone": "America/Boa_Vista"
  },
  {
    "name": "Bogota",
    "timezone": "America/Bogota"
  },
  {
    "name": "Boise",
    "timezone": "America/Boise"
  },
  {
    "name": "Bougainville",
    "timezone": "Pacific/Bougainville"
  },
  {
    "name": "Bratislava",
    "timezone": "Europe/Bratislava"
  },
  {
    "name": "Brazzaville",
    "timezone": "Africa/Brazzaville"
  },
  {
    "name": "Brisbane",
    "timezone": "Australia/Brisbane"
  },
  {
    "name": "Broken Hill",
    "timezone": "Australia/Broken_Hill"
  },
  {
    "name": "Brunei",
    "timezone": "Asia/Brunei"
  },
  {
    "name": "Brussels",
    "timezone": "Europe/Brussels"
  },
  {
    "name": "Bucharest",
    "timezone": "Europe/Bucharest"
  },
  {
    "name": "Budapest",
    "timezone": "Europe/Budapest"
  },
  {
    "name": "Buenos Aires",
    "timezone": "America/Buenos_Aires"
  },
  {
    "name": "Bujumbura",
    "timezone": "Africa/Bujumbura"
  },
  {
    "name": "Busingen",
    "timezone": "Europe/Busingen"
  },
  {
    "name": "CET",
    "timezone": "CET"
  },
  {
    "name": "CST6CDT",
    "timezone": "CST6CDT"
  },
  {
    "name": "Cairo",
    "timezone": "Africa/Cairo"
  },
  {
    "name": "Calcutta",
    "timezone": "Asia/Calcutta"
  },
  {
    "name": "Cambridge Bay",
    "timezone": "America/Cambridge_Bay"
  },
  {
    "name": "Campo Grande",
    "timezone": "America/Campo_Grande"
  },
  {
    "name": "Canary",
    "timezone": "Atlantic/Canary"
  },
  {
    "name": "Canberra",
    "timezone": "Australia/Canberra"
  },
  {
    "name": "Cancun",
    "timezone": "America/Cancun"
  },
  {
    "name": "Cape Verde",
    "timezone": "Atlantic/Cape_Verde"
  },
  {
    "name": "Caracas",
    "timezone": "America/Caracas"
  },
  {
    "name": "Casablanca",
    "timezone": "Africa/Casablanca"
  },
  {
    "name": "Casey",
    "timezone": "Antarctica/Casey"
  },
  {
    "name": "Catamarca",
    "timezone": "America/Catamarca"
  },
  {
    "name": "Cayenne",
    "timezone": "America/Cayenne"
  },
  {
    "name": "Cayman",
    "timezone": "America/Cayman"
  },
  {
    "name": "Center",
    "timezone": "America/North_Dakota/Center"
  },
  {
    "name": "Central",
    "timezone": "US/Central"
  },
  {
    "name": "Ceuta",
    "timezone": "Africa/Ceuta"
  },
  {
    "name": "Chagos",
    "timezone": "Indian/Chagos"
  },
  {
    "name": "Chatham",
    "timezone": "Pacific/Chatham"
  },
  {
    "name": "Chicago",
    "timezone": "America/Chicago"
  },
  {
    "name": "Chihuahua",
    "timezone": "America/Chihuahua"
  },
  {
    "name": "Chisinau",
    "timezone": "Europe/Chisinau"
  },
  {
    "name": "Chita",
    "timezone": "Asia/Chita"
  },
  {
    "name": "Choibalsan",
    "timezone": "Asia/Choibalsan"
  },
  {
    "name": "Chongqing",
    "timezone": "Asia/Chongqing"
  },
  {
    "name": "Christmas",
    "timezone": "Indian/Christmas"
  },
  {
    "name": "Chungking",
    "timezone": "Asia/Chungking"
  },
  {
    "name": "Chuuk",
    "timezone": "Pacific/Chuuk"
  },
  {
    "name": "Ciudad Juarez",
    "timezone": "America/Ciudad_Juarez"
  },
  {
    "name": "Cocos",
    "timezone": "Indian/Cocos"
  },
  {
    "name": "Colombo",
    "timezone": "Asia/Colombo"
  },
  {
    "name": "ComodRivadavia",
    "timezone": "America/Argentina/ComodRivadavia"
  },
  {
    "name": "Comoro",
    "timezone": "Indian/Comoro"
  },
  {
    "name": "Conakry",
    "timezone": "Africa/Conakry"
  },
  {
    "name": "Continental",
    "timezone": "Chile/Continental"
  },
  {
    "name": "Copenhagen",
    "timezone": "Europe/Copenhagen"
  },
  {
    "name": "Coral Harbour",
    "timezone": "America/Coral_Harbour"
  },
  {
    "name": "Cordoba",
    "timezone": "America/Cordoba"
  },
  {
    "name": "Costa Rica",
    "timezone": "America/Costa_Rica"
  },
  {
    "name": "Coyhaique",
    "timezone": "America/Coyhaique"
  },
  {
    "name": "Creston",
    "timezone": "America/Creston"
  },
  {
    "name": "Cuba",
    "timezone": "Cuba"
  },
  {
    "name": "Cuiaba",
    "timezone": "America/Cuiaba"
  },
  {
    "name": "Curacao",
    "timezone": "America/Curacao"
  },
  {
    "name": "Currie",
    "timezone": "Australia/Currie"
  },
  {
    "name": "Dacca",
    "timezone": "Asia/Dacca"
  },
  {
    "name": "Dakar",
    "timezone": "Africa/Dakar"
  },
  {
    "name": "Damascus",
    "timezone": "Asia/Damascus"
  },
  {
    "name": "Danmarkshavn",
    "timezone": "America/Danmarkshavn"
  },
  {
    "name": "Dar es Salaam",
    "timezone": "Africa/Dar_es_Salaam"
  },
  {
    "name": "Darwin",
    "timezone": "Australia/Darwin"
  },
  {
    "name": "Davis",
    "timezone": "Antarctica/Davis"
  },
  {
    "name": "Dawson",
    "timezone": "America/Dawson"
  },
  {
    "name": "Dawson Creek",
    "timezone": "America/Dawson_Creek"
  },
  {
    "name": "DeNoronha",
    "timezone": "Brazil/DeNoronha"
  },
  {
    "name": "Denver",
    "timezone": "America/Denver"
  },
  {
    "name": "Detroit",
    "timezone": "America/Detroit"
  },
  {
    "name": "Dhaka",
    "timezone": "Asia/Dhaka"
  },
  {
    "name": "Dili",
    "timezone": "Asia/Dili"
  },
  {
    "name": "Djibouti",
    "timezone": "Africa/Djibouti"
  },
  {
    "name": "Dominica",
    "timezone": "America/Dominica"
  },
  {
    "name": "Douala",
    "timezone": "Africa/Douala"
  },
  {
    "name": "Dubai",
    "timezone": "Asia/Dubai"
  },
  {
    "name": "Dublin",
    "timezone": "Europe/Dublin"
  },
  {
    "name": "DumontDUrville",
    "timezone": "Antarctica/DumontDUrville"
  },
  {
    "name": "Dushanbe",
    "timezone": "Asia/Dushanbe"
  },
  {
    "name": "EET",
    "timezone": "EET"
  },
  {
    "name": "EST",
    "timezone": "EST"
  },
  {
    "name": "EST5EDT",
    "timezone": "EST5EDT"
  },
  {
    "name": "East",
    "timezone": "Brazil/East"
  },
  {
    "name": "East-Indiana",
    "timezone": "US/East-Indiana"
  },
  {
    "name": "Easter",
    "timezone": "Pacific/Easter"
  },
  {
    "name": "EasterIsland",
    "timezone": "Chile/EasterIsland"
  },
  {
    "name": "Eastern",
    "timezone": "US/Eastern"
  },
  {
    "name": "Edmonton",
    "timezone": "America/Edmonton"
  },
  {
    "name": "Efate",
    "timezone": "Pacific/Efate"
  },
  {
    "name": "Egypt",
    "timezone": "Egypt"
  },
  {
    "name": "Eire",
    "timezone": "Eire"
  },
  {
    "name": "Eirunepe",
    "timezone": "America/Eirunepe"
  },
  {
    "name": "El Aaiun",
    "timezone": "Africa/El_Aaiun"
  },
  {
    "name": "El Salvador",
    "timezone": "America/El_Salvador"
  },
  {
    "name": "Enderbury",
    "timezone": "Pacific/Enderbury"
  },
  {
    "name": "Ensenada",
    "timezone": "America/Ensenada"
  },
  {
    "name": "Eucla",
    "timezone": "Australia/Eucla"
  },
  {
    "name": "Faeroe",
    "timezone": "Atlantic/Faeroe"
  },
  {
    "name": "Fakaofo",
    "timezone": "Pacific/Fakaofo"
  },
  {
    "name": "Famagusta",
    "timezone": "Asia/Famagusta"
  },
  {
    "name": "Faroe",
    "timezone": "Atlantic/Faroe"
  },
  {
    "name": "Fiji",
    "timezone": "Pacific/Fiji"
  },
  {
    "name": "Fort Nelson",
    "timezone": "America/Fort_Nelson"
  },
  {
    "name": "Fort Wayne",
    "timezone": "America/Fort_Wayne"
  },
  {
    "name": "Fortaleza",
    "timezone": "America/Fortaleza"
  },
  {
    "name": "Freetown",
    "timezone": "Africa/Freetown"
  },
  {
    "name": "Funafuti",
    "timezone": "Pacific/Funafuti"
  },
  {
    "name": "GB",
    "timezone": "GB"
  },
  {
    "name": "GB-Eire",
    "timezone": "GB-Eire"
  },
  {
    "name": "GMT",
    "timezone": "GMT"
  },
  {
    "name": "GMT+0",
    "timezone": "GMT+0"
  },
  {
    "name": "GMT+1",
    "timezone": "Etc/GMT+1"
  },
  {
    "name": "GMT+10",
    "timezone": "Etc/GMT+10"
  },
  {
    "name": "GMT+11",
    "timezone": "Etc/GMT+11"
  },
  {
    "name": "GMT+12",
    "timezone": "Etc/GMT+12"
  },
  {
    "name": "GMT+2",
    "timezone": "Etc/GMT+2"
  },
  {
    "name": "GMT+3",
    "timezone": "Etc/GMT+3"
  },
  {
    "name": "GMT+4",
    "timezone": "Etc/GMT+4"
  },
  {
    "name": "GMT+5",
    "timezone": "Etc/GMT+5"
  },
  {
    "name": "GMT+6",
    "timezone": "Etc/GMT+6"
  },
  {
    "name": "GMT+7",
    "timezone": "Etc/GMT+7"
  },
  {
    "name": "GMT+8",
    "timezone": "Etc/GMT+8"
  },
  {
    "name": "GMT+9",
    "timezone": "Etc/GMT+9"
  },
  {
    "name": "GMT-0",
    "timezone": "GMT-0"
  },
  {
    "name": "GMT-1",
    "timezone": "Etc/GMT-1"
  },
  {
    "name": "GMT-10",
    "timezone": "Etc/GMT-10"
  },
  {
    "name": "GMT-11",
    "timezone": "Etc/GMT-11"
  },
  {
    "name": "GMT-12",
    "timezone": "Etc/GMT-12"
  },
  {
    "name": "GMT-13",
    "timezone": "Etc/GMT-13"
  },
  {
    "name": "GMT-14",
    "timezone": "Etc/GMT-14"
  },
  {
    "name": "GMT-2",
    "timezone": "Etc/GMT-2"
  },
  {
    "name": "GMT-3",
    "timezone": "Etc/GMT-3"
  },
  {
    "name": "GMT-4",
    "timezone": "Etc/GMT-4"
  },
  {
    "name": "GMT-5",
    "timezone": "Etc/GMT-5"
  },
  {
    "name": "GMT-6",
    "timezone": "Etc/GMT-6"
  },
  {
    "name": "GMT-7",
    "timezone": "Etc/GMT-7"
  },
  {
    "name": "GMT-8",
    "timezone": "Etc/GMT-8"
  },
  {
    "name": "GMT-9",
    "timezone": "Etc/GMT-9"
  },
  {
    "name": "GMT0",
    "timezone": "GMT0"
  },
  {
    "name": "Gaborone",
    "timezone": "Africa/Gaborone"
  },
  {
    "name": "Galapagos",
    "timezone": "Pacific/Galapagos"
  },
  {
    "name": "Gambier",
    "timezone": "Pacific/Gambier"
  },
  {
    "name": "Gaza",
    "timezone": "Asia/Gaza"
  },
  {
    "name": "General",
    "timezone": "Mexico/General"
  },
  {
    "name": "Gibraltar",
    "timezone": "Europe/Gibraltar"
  },
  {
    "name": "Glace Bay",
    "timezone": "America/Glace_Bay"
  },
  {
    "name": "Godthab",
    "timezone": "America/Godthab"
  },
  {
    "name": "Goose Bay",
    "timezone": "America/Goose_Bay"
  },
  {
    "name": "Grand Turk",
    "timezone": "America/Grand_Turk"
  },
  {
    "name": "Greenwich",
    "timezone": "Greenwich"
  },
  {
    "name": "Grenada",
    "timezone": "America/Grenada"
  },
  {
    "name": "Guadalcanal",
    "timezone": "Pacific/Guadalcanal"
  },
  {
    "name": "Guadeloupe",
    "timezone": "America/Guadeloupe"
  },
  {
    "name": "Guam",
    "timezone": "Pacific/Guam"
  },
  {
    "name": "Guatemala",
    "timezone": "America/Guatemala"
  },
  {
    "name": "Guayaquil",
    "timezone": "America/Guayaquil"
  },
  {
    "name": "Guernsey",
    "timezone": "Europe/Guernsey"
  },
  {
    "name": "Guyana",
    "timezone": "America/Guyana"
  },
  {
    "name": "HST",
    "timezone": "HST"
  },
  {
    "name": "Halifax",
    "timezone": "America/Halifax"
  },
  {
    "name": "Harare",
    "timezone": "Africa/Harare"
  },
  {
    "name": "Harbin",
    "timezone": "Asia/Harbin"
  },
  {
    "name": "Havana",
    "timezone": "America/Havana"
  },
  {
    "name": "Hawaii",
    "timezone": "US/Hawaii"
  },
  {
    "name": "Hebron",
    "timezone": "Asia/Hebron"
  },
  {
    "name": "Helsinki",
    "timezone": "Europe/Helsinki"
  },
  {
    "name": "Hermosillo",
    "timezone": "America/Hermosillo"
  },
  {
    "name": "Ho Chi Minh",
    "timezone": "Asia/Ho_Chi_Minh"
  },
  {
    "name": "Hobart",
    "timezone": "Australia/Hobart"
  },
  {
    "name": "Hong Kong",
    "timezone": "Asia/Hong_Kong"
  },
  {
    "name": "Hongkong",
    "timezone": "Hongkong"
  },
  {
    "name": "Honolulu",
    "timezone": "Pacific/Honolulu"
  },
  {
    "name": "Hovd",
    "timezone": "Asia/Hovd"
  },
  {
    "name": "Iceland",
    "timezone": "Iceland"
  },
  {
    "name": "Indiana-Starke",
    "timezone": "US/Indiana-Starke"
  },
  {
    "name": "Indianapolis",
    "timezone": "America/Indianapolis"
  },
  {
    "name": "Inuvik",
    "timezone": "America/Inuvik"
  },
  {
    "name": "Iqaluit",
    "timezone": "America/Iqaluit"
  },
  {
    "name": "Iran",
    "timezone": "Iran"
  },
  {
    "name": "Irkutsk",
    "timezone": "Asia/Irkutsk"
  },
  {
    "name": "Isle of Man",
    "timezone": "Europe/Isle_of_Man"
  },
  {
    "name": "Israel",
    "timezone": "Israel"
  },
  {
    "name": "Istanbul",
    "timezone": "Europe/Istanbul"
  },
  {
    "name": "Jakarta",
    "timezone": "Asia/Jakarta"
  },
  {
    "name": "Jamaica",
    "timezone": "Jamaica"
  },
  {
    "name": "Jan Mayen",
    "timezone": "Atlantic/Jan_Mayen"
  },
  {
    "name": "Japan",
    "timezone": "Japan"
  },
  {
    "name": "Jayapura",
    "timezone": "Asia/Jayapura"
  },
  {
    "name": "Jersey",
    "timezone": "Europe/Jersey"
  },
  {
    "name": "Jerusalem",
    "timezone": "Asia/Jerusalem"
  },
  {
    "name": "Johannesburg",
    "timezone": "Africa/Johannesburg"
  },
  {
    "name": "Johnston",
    "timezone": "Pacific/Johnston"
  },
  {
    "name": "Juba",
    "timezone": "Africa/Juba"
  },
  {
    "name": "Jujuy",
    "timezone": "America/Jujuy"
  },
  {
    "name": "Juneau",
    "timezone": "America/Juneau"
  },
  {
    "name": "Kabul",
    "timezone": "Asia/Kabul"
  },
  {
    "name": "Kaliningrad",
    "timezone": "Europe/Kaliningrad"
  },
  {
    "name": "Kamchatka",
    "timezone": "Asia/Kamchatka"
  },
  {
    "name": "Kampala",
    "timezone": "Africa/Kampala"
  },
  {
    "name": "Kanton",
    "timezone": "Pacific/Kanton"
  },
  {
    "name": "Karachi",
    "timezone": "Asia/Karachi"
  },
  {
    "name": "Kashgar",
    "timezone": "Asia/Kashgar"
  },
  {
    "name": "Kathmandu",
    "timezone": "Asia/Kathmandu"
  },
  {
    "name": "Katmandu",
    "timezone": "Asia/Katmandu"
  },
  {
    "name": "Kerguelen",
    "timezone": "Indian/Kerguelen"
  },
  {
    "name": "Khandyga",
    "timezone": "Asia/Khandyga"
  },
  {
    "name": "Khartoum",
    "timezone": "Africa/Khartoum"
  },
  {
    "name": "Kiev",
    "timezone": "Europe/Kiev"
  },
  {
    "name": "Kigali",
    "timezone": "Africa/Kigali"
  },
  {
    "name": "Kinshasa",
    "timezone": "Africa/Kinshasa"
  },
  {
    "name": "Kiritimati",
    "timezone": "Pacific/Kiritimati"
  },
  {
    "name": "Kirov",
    "timezone": "Europe/Kirov"
  },
  {
    "name": "Knox",
    "timezone": "America/Indiana/Knox"
  },
  {
    "name": "Knox IN",
    "timezone": "America/Knox_IN"
  },
  {
    "name": "Kolkata",
    "timezone": "Asia/Kolkata"
  },
  {
    "name": "Kosrae",
    "timezone": "Pacific/Kosrae"
  },
  {
    "name": "Kralendijk",
    "timezone": "America/Kralendijk"
  },
  {
    "name": "Krasnoyarsk",
    "timezone": "Asia/Krasnoyarsk"
  },
  {
    "name": "Kuala Lumpur",
    "timezone": "Asia/Kuala_Lumpur"
  },
  {
    "name": "Kuching",
    "timezone": "Asia/Kuching"
  },
  {
    "name": "Kuwait",
    "timezone": "Asia/Kuwait"
  },
  {
    "name": "Kwajalein",
    "timezone": "Pacific/Kwajalein"
  },
  {
    "name": "Kyiv",
    "timezone": "Europe/Kyiv"
  },
  {
    "name": "LHI",
    "timezone": "Australia/LHI"
  },
  {
    "name": "La Paz",
    "timezone": "America/La_Paz"
  },
  {
    "name": "La Rioja",
    "timezone": "America/Argentina/La_Rioja"
  },
  {
    "name": "Lagos",
    "timezone": "Africa/Lagos"
  },
  {
    "name": "Libreville",
    "timezone": "Africa/Libreville"
  },
  {
    "name": "Libya",
    "timezone": "Libya"
  },
  {
    "name": "Lima",
    "timezone": "America/Lima"
  },
  {
    "name": "Lindeman",
    "timezone": "Australia/Lindeman"
  },
  {
    "name": "Lisbon",
    "timezone": "Europe/Lisbon"
  },
  {
    "name": "Ljubljana",
    "timezone": "Europe/Ljubljana"
  },
  {
    "name": "Lome",
    "timezone": "Africa/Lome"
  },
  {
    "name": "London",
    "timezone": "Europe/London"
  },
  {
    "name": "Longyearbyen",
    "timezone": "Arctic/Longyearbyen"
  },
  {
    "name": "Lord Howe",
    "timezone": "Australia/Lord_Howe"
  },
  {
    "name": "Los Angeles",
    "timezone": "America/Los_Angeles"
  },
  {
    "name": "Louisville",
    "timezone": "America/Louisville"
  },
  {
    "name": "Lower Princes",
    "timezone": "America/Lower_Princes"
  },
  {
    "name": "Luanda",
    "timezone": "Africa/Luanda"
  },
  {
    "name": "Lubumbashi",
    "timezone": "Africa/Lubumbashi"
  },
  {
    "name": "Lusaka",
    "timezone": "Africa/Lusaka"
  },
  {
    "name": "Luxembourg",
    "timezone": "Europe/Luxembourg"
  },
  {
    "name": "MET",
    "timezone": "MET"
  },
  {
    "name": "MST",
    "timezone": "MST"
  },
  {
    "name": "MST7MDT",
    "timezone": "MST7MDT"
  },
  {
    "name": "Macao",
    "timezone": "Asia/Macao"
  },
  {
    "name": "Macau",
    "timezone": "Asia/Macau"
  },
  {
    "name": "Maceio",
    "timezone": "America/Maceio"
  },
  {
    "name": "Macquarie",
    "timezone": "Antarctica/Macquarie"
  },
  {
    "name": "Madeira",
    "timezone": "Atlantic/Madeira"
  },
  {
    "name": "Madrid",
    "timezone": "Europe/Madrid"
  },
  {
    "name": "Magadan",
    "timezone": "Asia/Magadan"
  },
  {
    "name": "Mahe",
    "timezone": "Indian/Mahe"
  },
  {
    "name": "Majuro",
    "timezone": "Pacific/Majuro"
  },
  {
    "name": "Makassar",
    "timezone": "Asia/Makassar"
  },
  {
    "name": "Malabo",
    "timezone": "Africa/Malabo"
  },
  {
    "name": "Maldives",
    "timezone": "Indian/Maldives"
  },
  {
    "name": "Malta",
    "timezone": "Europe/Malta"
  },
  {
    "name": "Managua",
    "timezone": "America/Managua"
  },
  {
    "name": "Manaus",
    "timezone": "America/Manaus"
  },
  {
    "name": "Manila",
    "timezone": "Asia/Manila"
  },
  {
    "name": "Maputo",
    "timezone": "Africa/Maputo"
  },
  {
    "name": "Marengo",
    "timezone": "America/Indiana/Marengo"
  },
  {
    "name": "Mariehamn",
    "timezone": "Europe/Mariehamn"
  },
  {
    "name": "Marigot",
    "timezone": "America/Marigot"
  },
  {
    "name": "Marquesas",
    "timezone": "Pacific/Marquesas"
  },
  {
    "name": "Martinique",
    "timezone": "America/Martinique"
  },
  {
    "name": "Maseru",
    "timezone": "Africa/Maseru"
  },
  {
    "name": "Matamoros",
    "timezone": "America/Matamoros"
  },
  {
    "name": "Mauritius",
    "timezone": "Indian/Mauritius"
  },
  {
    "name": "Mawson",
    "timezone": "Antarctica/Mawson"
  },
  {
    "name": "Mayotte",
    "timezone": "Indian/Mayotte"
  },
  {
    "name": "Mazatlan",
    "timezone": "America/Mazatlan"
  },
  {
    "name": "Mbabane",
    "timezone": "Africa/Mbabane"
  },
  {
    "name": "McMurdo",
    "timezone": "Antarctica/McMurdo"
  },
  {
    "name": "Melbourne",
    "timezone": "Australia/Melbourne"
  },
  {
    "name": "Mendoza",
    "timezone": "America/Mendoza"
  },
  {
    "name": "Menominee",
    "timezone": "America/Menominee"
  },
  {
    "name": "Merida",
    "timezone": "America/Merida"
  },
  {
    "name": "Metlakatla",
    "timezone": "America/Metlakatla"
  },
  {
    "name": "Mexico City",
    "timezone": "America/Mexico_City"
  },
  {
    "name": "Michigan",
    "timezone": "US/Michigan"
  },
  {
    "name": "Midway",
    "timezone": "Pacific/Midway"
  },
  {
    "name": "Minsk",
    "timezone": "Europe/Minsk"
  },
  {
    "name": "Miquelon",
    "timezone": "America/Miquelon"
  },
  {
    "name": "Mogadishu",
    "timezone": "Africa/Mogadishu"
  },
  {
    "name": "Monaco",
    "timezone": "Europe/Monaco"
  },
  {
    "name": "Moncton",
    "timezone": "America/Moncton"
  },
  {
    "name": "Monrovia",
    "timezone": "Africa/Monrovia"
  },
  {
    "name": "Monterrey",
    "timezone": "America/Monterrey"
  },
  {
    "name": "Montevideo",
    "timezone": "America/Montevideo"
  },
  {
    "name": "Monticello",
    "timezone": "America/Kentucky/Monticello"
  },
  {
    "name": "Montreal",
    "timezone": "America/Montreal"
  },
  {
    "name": "Montserrat",
    "timezone": "America/Montserrat"
  },
  {
    "name": "Moscow",
    "timezone": "Europe/Moscow"
  },
  {
    "name": "Mountain",
    "timezone": "US/Mountain"
  },
  {
    "name": "Muscat",
    "timezone": "Asia/Muscat"
  },
  {
    "name": "NSW",
    "timezone": "Australia/NSW"
  },
  {
    "name": "NZ",
    "timezone": "NZ"
  },
  {
    "name": "NZ-CHAT",
    "timezone": "NZ-CHAT"
  },
  {
    "name": "Nairobi",
    "timezone": "Africa/Nairobi"
  },
  {
    "name": "Nassau",
    "timezone": "America/Nassau"
  },
  {
    "name": "Nauru",
    "timezone": "Pacific/Nauru"
  },
  {
    "name": "Navajo",
    "timezone": "Navajo"
  },
  {
    "name": "Ndjamena",
    "timezone": "Africa/Ndjamena"
  },
  {
    "name": "New Salem",
    "timezone": "America/North_Dakota/New_Salem"
  },
  {
    "name": "New York",
    "timezone": "America/New_York"
  },
  {
    "name": "Newfoundland",
    "timezone": "Canada/Newfoundland"
  },
  {
    "name": "Niamey",
    "timezone": "Africa/Niamey"
  },
  {
    "name": "Nicosia",
    "timezone": "Europe/Nicosia"
  },
  {
    "name": "Nipigon",
    "timezone": "America/Nipigon"
  },
  {
    "name": "Niue",
    "timezone": "Pacific/Niue"
  },
  {
    "name": "Nome",
    "timezone": "America/Nome"
  },
  {
    "name": "Norfolk",
    "timezone": "Pacific/Norfolk"
  },
  {
    "name": "Noronha",
    "timezone": "America/Noronha"
  },
  {
    "name": "North",
    "timezone": "Australia/North"
  },
  {
    "name": "Nouakchott",
    "timezone": "Africa/Nouakchott"
  },
  {
    "name": "Noumea",
    "timezone": "Pacific/Noumea"
  },
  {
    "name": "Novokuznetsk",
    "timezone": "Asia/Novokuznetsk"
  },
  {
    "name": "Novosibirsk",
    "timezone": "Asia/Novosibirsk"
  },
  {
    "name": "Nuuk",
    "timezone": "America/Nuuk"
  },
  {
    "name": "Ojinaga",
    "timezone": "America/Ojinaga"
  },
  {
    "name": "Omsk",
    "timezone": "Asia/Omsk"
  },
  {
    "name": "Oral",
    "timezone": "Asia/Oral"
  },
  {
    "name": "Oslo",
    "timezone": "Europe/Oslo"
  },
  {
    "name": "Ouagadougou",
    "timezone": "Africa/Ouagadougou"
  },
  {
    "name": "PRC",
    "timezone": "PRC"
  },
  {
    "name": "PST8PDT",
    "timezone": "PST8PDT"
  },
  {
    "name": "Pacific",
    "timezone": "US/Pacific"
  },
  {
    "name": "Pago Pago",
    "timezone": "Pacific/Pago_Pago"
  },
  {
    "name": "Palau",
    "timezone": "Pacific/Palau"
  },
  {
    "name": "Palmer",
    "timezone": "Antarctica/Palmer"
  },
  {
    "name": "Panama",
    "timezone": "America/Panama"
  },
  {
    "name": "Pangnirtung",
    "timezone": "America/Pangnirtung"
  },
  {
    "name": "Paramaribo",
    "timezone": "America/Paramaribo"
  },
  {
    "name": "Paris",
    "timezone": "Europe/Paris"
  },
  {
    "name": "Perth",
    "timezone": "Australia/Perth"
  },
  {
    "name": "Petersburg",
    "timezone": "America/Indiana/Petersburg"
  },
  {
    "name": "Phnom Penh",
    "timezone": "Asia/Phnom_Penh"
  },
  {
    "name": "Phoenix",
    "timezone": "America/Phoenix"
  },
  {
    "name": "Pitcairn",
    "timezone": "Pacific/Pitcairn"
  },
  {
    "name": "Podgorica",
    "timezone": "Europe/Podgorica"
  },
  {
    "name": "Pohnpei",
    "timezone": "Pacific/Pohnpei"
  },
  {
    "name": "Poland",
    "timezone": "Poland"
  },
  {
    "name": "Ponape",
    "timezone": "Pacific/Ponape"
  },
  {
    "name": "Pontianak",
    "timezone": "Asia/Pontianak"
  },
  {
    "name": "Port Moresby",
    "timezone": "Pacific/Port_Moresby"
  },
  {
    "name": "Port of Spain",
    "timezone": "America/Port_of_Spain"
  },
  {
    "name": "Port-au-Prince",
    "timezone": "America/Port-au-Prince"
  },
  {
    "name": "Porto Acre",
    "timezone": "America/Porto_Acre"
  },
  {
    "name": "Porto Velho",
    "timezone": "America/Porto_Velho"
  },
  {
    "name": "Porto-Novo",
    "timezone": "Africa/Porto-Novo"
  },
  {
    "name": "Portugal",
    "timezone": "Portugal"
  },
  {
    "name": "Prague",
    "timezone": "Europe/Prague"
  },
  {
    "name": "Puerto Rico",
    "timezone": "America/Puerto_Rico"
  },
  {
    "name": "Punta Arenas",
    "timezone": "America/Punta_Arenas"
  },
  {
    "name": "Pyongyang",
    "timezone": "Asia/Pyongyang"
  },
  {
    "name": "Qatar",
    "timezone": "Asia/Qatar"
  },
  {
    "name": "Qostanay",
    "timezone": "Asia/Qostanay"
  },
  {
    "name": "Queensland",
    "timezone": "Australia/Queensland"
  },
  {
    "name": "Qyzylorda",
    "timezone": "Asia/Qyzylorda"
  },
  {
    "name": "ROC",
    "timezone": "ROC"
  },
  {
    "name": "ROK",
    "timezone": "ROK"
  },
  {
    "name": "Rainy River",
    "timezone": "America/Rainy_River"
  },
  {
    "name": "Rangoon",
    "timezone": "Asia/Rangoon"
  },
  {
    "name": "Rankin Inlet",
    "timezone": "America/Rankin_Inlet"
  },
  {
    "name": "Rarotonga",
    "timezone": "Pacific/Rarotonga"
  },
  {
    "name": "Recife",
    "timezone": "America/Recife"
  },
  {
    "name": "Regina",
    "timezone": "America/Regina"
  },
  {
    "name": "Resolute",
    "timezone": "America/Resolute"
  },
  {
    "name": "Reunion",
    "timezone": "Indian/Reunion"
  },
  {
    "name": "Reykjavik",
    "timezone": "Atlantic/Reykjavik"
  },
  {
    "name": "Riga",
    "timezone": "Europe/Riga"
  },
  {
    "name": "Rio Branco",
    "timezone": "America/Rio_Branco"
  },
  {
    "name": "Rio Gallegos",
    "timezone": "America/Argentina/Rio_Gallegos"
  },
  {
    "name": "Riyadh",
    "timezone": "Asia/Riyadh"
  },
  {
    "name": "Rome",
    "timezone": "Europe/Rome"
  },
  {
    "name": "Rosario",
    "timezone": "America/Rosario"
  },
  {
    "name": "Rothera",
    "timezone": "Antarctica/Rothera"
  },
  {
    "name": "Saigon",
    "timezone": "Asia/Saigon"
  },
  {
    "name": "Saipan",
    "timezone": "Pacific/Saipan"
  },
  {
    "name": "Sakhalin",
    "timezone": "Asia/Sakhalin"
  },
  {
    "name": "Salta",
    "timezone": "America/Argentina/Salta"
  },
  {
    "name": "Samara",
    "timezone": "Europe/Samara"
  },
  {
    "name": "Samarkand",
    "timezone": "Asia/Samarkand"
  },
  {
    "name": "Samoa",
    "timezone": "US/Samoa"
  },
  {
    "name": "San Juan",
    "timezone": "America/Argentina/San_Juan"
  },
  {
    "name": "San Luis",
    "timezone": "America/Argentina/San_Luis"
  },
  {
    "name": "San Marino",
    "timezone": "Europe/San_Marino"
  },
  {
    "name": "Santa Isabel",
    "timezone": "America/Santa_Isabel"
  },
  {
    "name": "Santarem",
    "timezone": "America/Santarem"
  },
  {
    "name": "Santiago",
    "timezone": "America/Santiago"
  },
  {
    "name": "Santo Domingo",
    "timezone": "America/Santo_Domingo"
  },
  {
    "name": "Sao Paulo",
    "timezone": "America/Sao_Paulo"
  },
  {
    "name": "Sao Tome",
    "timezone": "Africa/Sao_Tome"
  },
  {
    "name": "Sarajevo",
    "timezone": "Europe/Sarajevo"
  },
  {
    "name": "Saratov",
    "timezone": "Europe/Saratov"
  },
  {
    "name": "Saskatchewan",
    "timezone": "Canada/Saskatchewan"
  },
  {
    "name": "Scoresbysund",
    "timezone": "America/Scoresbysund"
  },
  {
    "name": "Seoul",
    "timezone": "Asia/Seoul"
  },
  {
    "name": "Shanghai",
    "timezone": "Asia/Shanghai"
  },
  {
    "name": "Shiprock",
    "timezone": "America/Shiprock"
  },
  {
    "name": "Simferopol",
    "timezone": "Europe/Simferopol"
  },
  {
    "name": "Singapore",
    "timezone": "Singapore"
  },
  {
    "name": "Sitka",
    "timezone": "America/Sitka"
  },
  {
    "name": "Skopje",
    "timezone": "Europe/Skopje"
  },
  {
    "name": "Sofia",
    "timezone": "Europe/Sofia"
  },
  {
    "name": "South",
    "timezone": "Australia/South"
  },
  {
    "name": "South Georgia",
    "timezone": "Atlantic/South_Georgia"
  },
  {
    "name": "South Pole",
    "timezone": "Antarctica/South_Pole"
  },
  {
    "name": "Srednekolymsk",
    "timezone": "Asia/Srednekolymsk"
  },
  {
    "name": "St Barthelemy",
    "timezone": "America/St_Barthelemy"
  },
  {
    "name": "St Helena",
    "timezone": "Atlantic/St_Helena"
  },
  {
    "name": "St Johns",
    "timezone": "America/St_Johns"
  },
  {
    "name": "St Kitts",
    "timezone": "America/St_Kitts"
  },
  {
    "name": "St Lucia",
    "timezone": "America/St_Lucia"
  },
  {
    "name": "St Thomas",
    "timezone": "America/St_Thomas"
  },
  {
    "name": "St Vincent",
    "timezone": "America/St_Vincent"
  },
  {
    "name": "Stanley",
    "timezone": "Atlantic/Stanley"
  },
  {
    "name": "Stockholm",
    "timezone": "Europe/Stockholm"
  },
  {
    "name": "Swift Current",
    "timezone": "America/Swift_Current"
  },
  {
    "name": "Sydney",
    "timezone": "Australia/Sydney"
  },
  {
    "name": "Syowa",
    "timezone": "Antarctica/Syowa"
  },
  {
    "name": "Tahiti",
    "timezone": "Pacific/Tahiti"
  },
  {
    "name": "Taipei",
    "timezone": "Asia/Taipei"
  },
  {
    "name": "Tallinn",
    "timezone": "Europe/Tallinn"
  },
  {
    "name": "Tarawa",
    "timezone": "Pacific/Tarawa"
  },
  {
    "name": "Tashkent",
    "timezone": "Asia/Tashkent"
  },
  {
    "name": "Tasmania",
    "timezone": "Australia/Tasmania"
  },
  {
    "name": "Tbilisi",
    "timezone": "Asia/Tbilisi"
  },
  {
    "name": "Tegucigalpa",
    "timezone": "America/Tegucigalpa"
  },
  {
    "name": "Tehran",
    "timezone": "Asia/Tehran"
  },
  {
    "name": "Tel Aviv",
    "timezone": "Asia/Tel_Aviv"
  },
  {
    "name": "Tell City",
    "timezone": "America/Indiana/Tell_City"
  },
  {
    "name": "Thimbu",
    "timezone": "Asia/Thimbu"
  },
  {
    "name": "Thimphu",
    "timezone": "Asia/Thimphu"
  },
  {
    "name": "Thule",
    "timezone": "America/Thule"
  },
  {
    "name": "Thunder Bay",
    "timezone": "America/Thunder_Bay"
  },
  {
    "name": "Tijuana",
    "timezone": "America/Tijuana"
  },
  {
    "name": "Timbuktu",
    "timezone": "Africa/Timbuktu"
  },
  {
    "name": "Tirane",
    "timezone": "Europe/Tirane"
  },
  {
    "name": "Tiraspol",
    "timezone": "Europe/Tiraspol"
  },
  {
    "name": "Tokyo",
    "timezone": "Asia/Tokyo"
  },
  {
    "name": "Tomsk",
    "timezone": "Asia/Tomsk"
  },
  {
    "name": "Tongatapu",
    "timezone": "Pacific/Tongatapu"
  },
  {
    "name": "Toronto",
    "timezone": "America/Toronto"
  },
  {
    "name": "Tortola",
    "timezone": "America/Tortola"
  },
  {
    "name": "Tripoli",
    "timezone": "Africa/Tripoli"
  },
  {
    "name": "Troll",
    "timezone": "Antarctica/Troll"
  },
  {
    "name": "Truk",
    "timezone": "Pacific/Truk"
  },
  {
    "name": "Tucuman",
    "timezone": "America/Argentina/Tucuman"
  },
  {
    "name": "Tunis",
    "timezone": "Africa/Tunis"
  },
  {
    "name": "Turkey",
    "timezone": "Turkey"
  },
  {
    "name": "UCT",
    "timezone": "UCT"
  },
  {
    "name": "UTC",
    "timezone": "UTC"
  },
  {
    "name": "Ujung Pandang",
    "timezone": "Asia/Ujung_Pandang"
  },
  {
    "name": "Ulaanbaatar",
    "timezone": "Asia/Ulaanbaatar"
  },
  {
    "name": "Ulan Bator",
    "timezone": "Asia/Ulan_Bator"
  },
  {
    "name": "Ulyanovsk",
    "timezone": "Europe/Ulyanovsk"
  },
  {
    "name": "Universal",
    "timezone": "Universal"
  },
  {
    "name": "Urumqi",
    "timezone": "Asia/Urumqi"
  },
  {
    "name": "Ushuaia",
    "timezone": "America/Argentina/Ushuaia"
  },
  {
    "name": "Ust-Nera",
    "timezone": "Asia/Ust-Nera"
  },
  {
    "name": "Uzhgorod",
    "timezone": "Europe/Uzhgorod"
  },
  {
    "name": "Vaduz",
    "timezone": "Europe/Vaduz"
  },
  {
    "name": "Vancouver",
    "timezone": "America/Vancouver"
  },
  {
    "name": "Vatican",
    "timezone": "Europe/Vatican"
  },
  {
    "name": "Vevay",
    "timezone": "America/Indiana/Vevay"
  },
  {
    "name": "Victoria",
    "timezone": "Australia/Victoria"
  },
  {
    "name": "Vienna",
    "timezone": "Europe/Vienna"
  },
  {
    "name": "Vientiane",
    "timezone": "Asia/Vientiane"
  },
  {
    "name": "Vilnius",
    "timezone": "Europe/Vilnius"
  },
  {
    "name": "Vincennes",
    "timezone": "America/Indiana/Vincennes"
  },
  {
    "name": "Virgin",
    "timezone": "America/Virgin"
  },
  {
    "name": "Vladivostok",
    "timezone": "Asia/Vladivostok"
  },
  {
    "name": "Volgograd",
    "timezone": "Europe/Volgograd"
  },
  {
    "name": "Vostok",
    "timezone": "Antarctica/Vostok"
  },
  {
    "name": "W-SU",
    "timezone": "W-SU"
  },
  {
    "name": "WET",
    "timezone": "WET"
  },
  {
    "name": "Wake",
    "timezone": "Pacific/Wake"
  },
  {
    "name": "Wallis",
    "timezone": "Pacific/Wallis"
  },
  {
    "name": "Warsaw",
    "timezone": "Europe/Warsaw"
  },
  {
    "name": "West",
    "timezone": "Brazil/West"
  },
  {
    "name": "Whitehorse",
    "timezone": "America/Whitehorse"
  },
  {
    "name": "Winamac",
    "timezone": "America/Indiana/Winamac"
  },
  {
    "name": "Windhoek",
    "timezone": "Africa/Windhoek"
  },
  {
    "name": "Winnipeg",
    "timezone": "America/Winnipeg"
  },
  {
    "name": "Yakutat",
    "timezone": "America/Yakutat"
  },
  {
    "name": "Yakutsk",
    "timezone": "Asia/Yakutsk"
  },
  {
    "name": "Yancowinna",
    "timezone": "Australia/Yancowinna"
  },
  {
    "name": "Yangon",
    "timezone": "Asia/Yangon"
  },
  {
    "name": "Yap",
    "timezone": "Pacific/Yap"
  },
  {
    "name": "Yekaterinburg",
    "timezone": "Asia/Yekaterinburg"
  },
  {
    "name": "Yellowknife",
    "timezone": "America/Yellowknife"
  },
  {
    "name": "Yerevan",
    "timezone": "Asia/Yerevan"
  },
  {
    "name": "Yukon",
    "timezone": "Canada/Yukon"
  },
  {
    "name": "Zagreb",
    "timezone": "Europe/Zagreb"
  },
  {
    "name": "Zaporozhye",
    "timezone": "Europe/Zaporozhye"
  },
  {
    "name": "Zulu",
    "timezone": "Zulu"
  },
  {
    "name": "Zurich",
    "timezone": "Europe/Zurich"
  }
]